subject,session,path,asset_id,url
719817799,744228101.nwb,sub-719817799/sub-719817799_ses-744228101.nwb,eb36f94f-d6e7-45c6-aa02-7d4ed23453d3,https://dandiarchive.s3.amazonaws.com/blobs/113/f85/113f8540-969a-42e4-891a-9367677f35e2
719828686,754312389.nwb,sub-719828686/sub-719828686_ses-754312389.nwb,5a58bf3d-a1b9-444b-8ab0-ef5478aa42a6,https://dandiarchive.s3.amazonaws.com/blobs/e1d/f42/e1df421c-27b9-496a-a477-5c5654a46f8d
722882751,743475441.nwb,sub-722882751/sub-722882751_ses-743475441.nwb,522e8054-34ca-4579-ae80-350d0b24e0f4,https://dandiarchive.s3.amazonaws.com/blobs/c5c/a1d/c5ca1d69-9be8-4429-bd45-8ca796b4db43
723627600,742951821.nwb,sub-723627600/sub-723627600_ses-742951821.nwb,96c200cf-29c2-457a-b2f3-99f11de5b039,https://dandiarchive.s3.amazonaws.com/blobs/894/985/894985b6-0132-405a-8538-d5e57c2cf195
726141242,750332458.nwb,sub-726141242/sub-726141242_ses-750332458.nwb,286c7b06-3cde-4261-9090-e6fbe6c81945,https://dandiarchive.s3.amazonaws.com/blobs/74f/17d/74f17d9c-84c5-4323-9ab8-d5254d934804
726162193,750749662.nwb,sub-726162193/sub-726162193_ses-750749662.nwb,3876c5f1-f38a-4c89-8f54-6128538f0066,https://dandiarchive.s3.amazonaws.com/blobs/fee/844/fee844a8-5127-4b86-b736-0e41db94cbbc
726170927,746083955.nwb,sub-726170927/sub-726170927_ses-746083955.nwb,2e6df882-f31a-440b-a572-ba717a95bf80,https://dandiarchive.s3.amazonaws.com/blobs/e34/a45/e34a451b-bf4f-4021-90f5-f1c9e85d70ca
726298249,754829445.nwb,sub-726298249/sub-726298249_ses-754829445.nwb,488a9bea-96fb-4028-a33a-08650f50be63,https://dandiarchive.s3.amazonaws.com/blobs/109/7e6/1097e605-6707-4eb3-b85a-7bf44258c0dc
730756767,757970808.nwb,sub-730756767/sub-730756767_ses-757970808.nwb,dfc3db15-066a-4a07-b615-a4d7e85c44e1,https://dandiarchive.s3.amazonaws.com/blobs/7c1/c74/7c1c7425-f61d-46f7-83a5-a6a0bc9a1b53
730760263,755434585.nwb,sub-730760263/sub-730760263_ses-755434585.nwb,edf10182-5a4c-454f-ad23-47987a5ca256,https://dandiarchive.s3.amazonaws.com/blobs/136/948/13694863-a01d-4714-8258-00074bdf1745
732548371,751348571.nwb,sub-732548371/sub-732548371_ses-751348571.nwb,be9f8fd8-8f16-4a66-acc6-9e04697650f3,https://dandiarchive.s3.amazonaws.com/blobs/8f2/d76/8f2d768e-5e86-43c0-b3e4-cfd8a8e51d06
733457986,757216464.nwb,sub-733457986/sub-733457986_ses-757216464.nwb,5f204c90-2005-4143-b880-07d80aa32b20,https://dandiarchive.s3.amazonaws.com/blobs/856/e83/856e8364-4b3d-4fca-a74a-c2101ec5d6cc
734865729,756029989.nwb,sub-734865729/sub-734865729_ses-756029989.nwb,e0037b53-6d0e-4756-8ca4-f0dcb51ad339,https://dandiarchive.s3.amazonaws.com/blobs/91a/6b0/91a6b07b-2c9e-4644-be91-8dac8b54cc56
735109599,758798717.nwb,sub-735109599/sub-735109599_ses-758798717.nwb,de872cf2-942d-4695-88b1-f7f89cb764fd,https://dandiarchive.s3.amazonaws.com/blobs/a48/f26/a48f2607-0cce-4ae2-a186-55c01b8f54b3
738651046,760693773.nwb,sub-738651046/sub-738651046_ses-760693773.nwb,4513d0c9-1e2b-4c8a-aa22-ae81822537c9,https://dandiarchive.s3.amazonaws.com/blobs/4dd/fc6/4ddfc61e-7c06-47d0-9057-f53d70943cd3
739783158,760345702.nwb,sub-739783158/sub-739783158_ses-760345702.nwb,47634abd-db85-48f5-9c33-01887a59d3bc,https://dandiarchive.s3.amazonaws.com/blobs/3b6/d0b/3b6d0be0-361d-43bb-9564-b4d26aaf16d1
740268983,759883607.nwb,sub-740268983/sub-740268983_ses-759883607.nwb,c9fc315f-5145-45a3-8183-3ad8fe499c4d,https://dandiarchive.s3.amazonaws.com/blobs/864/b20/864b200a-6521-45ac-b8a0-f646869e8eb3
742602884,763673393.nwb,sub-742602884/sub-742602884_ses-763673393.nwb,8a17b967-2aa9-4d6a-812c-92b62cf799d7,https://dandiarchive.s3.amazonaws.com/blobs/845/36c/84536cd0-2cad-4683-9403-0db40176d03c
742714472,761418226.nwb,sub-742714472/sub-742714472_ses-761418226.nwb,cdeec90c-9ebe-431c-b3f7-b9f7d93ff37f,https://dandiarchive.s3.amazonaws.com/blobs/fa1/365/fa136514-c28e-42c4-8a25-76ba22985dda
744915196,762602078.nwb,sub-744915196/sub-744915196_ses-762602078.nwb,cea32745-0d1a-4884-b06f-158d830bcbf3,https://dandiarchive.s3.amazonaws.com/blobs/d7d/a63/d7da6377-b7b1-4f3e-8894-1e8b8cb1924c
745276220,762120172.nwb,sub-745276220/sub-745276220_ses-762120172.nwb,d6f3e82b-aca9-43fb-9810-048fc2124d50,https://dandiarchive.s3.amazonaws.com/blobs/d98/3de/d983deea-590b-45df-8e1c-058b9144a20c
757329617,773418906.nwb,sub-757329617/sub-757329617_ses-773418906.nwb,17a5432b-7193-42dd-a9ae-e9e8b3fef19c,https://dandiarchive.s3.amazonaws.com/blobs/f33/b7e/f33b7e90-8665-40a9-8619-31f0e70554f2
769360771,791319847.nwb,sub-769360771/sub-769360771_ses-791319847.nwb,3adbba7c-3feb-468b-9829-33fcaa27aacd,https://dandiarchive.s3.amazonaws.com/blobs/52c/946/52c946d2-3ebb-422c-9430-664b432f261b
772616820,799864342.nwb,sub-772616820/sub-772616820_ses-799864342.nwb,264f3b24-10d9-4100-98cf-d40b6c2a2068,https://dandiarchive.s3.amazonaws.com/blobs/881/862/88186297-d239-41c5-9935-b669a769dd23
775876808,798911424.nwb,sub-775876808/sub-775876808_ses-798911424.nwb,dcafeb62-82af-48c7-87fc-2a2481daf462,https://dandiarchive.s3.amazonaws.com/blobs/82d/ac9/82dac917-7a13-4952-91df-a2991c0ca6da
776061236,797828357.nwb,sub-776061236/sub-776061236_ses-797828357.nwb,0d8cb49c-8354-4081-8acb-257821aa8413,https://dandiarchive.s3.amazonaws.com/blobs/284/363/28436318-e2e9-43a8-a768-2c0c26483fe3
